[
  {
    "description": "    application Regression",
    "elements": [
      {
        "description": "",
        "id": "end-to-end-ecommerce-validation;ecommerce-products-delivery",
        "keyword": "Scenario",
        "line": 5,
        "name": "Ecommerce products delivery",
        "steps": [
          {
            "keyword": "Given ",
            "line": 6,
            "name": "I open ECommerce Page",
            "result": {
              "duration": 1786000000,
              "status": "passed"
            },
            "match": {
              "location": "not available:0"
            }
          },
          {
            "keyword": "When ",
            "line": 7,
            "name": "I add items to Cart",
            "result": {
              "duration": 1221000000,
              "status": "passed"
            },
            "match": {
              "location": "not available:0"
            }
          },
          {
            "keyword": "And ",
            "line": 8,
            "name": "Validate the total prices",
            "result": {
              "duration": 13000000,
              "status": "passed"
            },
            "match": {
              "location": "not available:0"
            }
          },
          {
            "keyword": "Then ",
            "line": 9,
            "name": "select the country submit and verify Thankyou",
            "result": {
              "duration": 5431000000,
              "status": "passed"
            },
            "match": {
              "location": "not available:0"
            }
          }
        ],
        "type": "scenario",
        "tags": [
          {
            "line": 4,
            "name": "@Regression"
          }
        ]
      },
      {
        "description": "",
        "id": "end-to-end-ecommerce-validation;filling-the-form-to-shop",
        "keyword": "Scenario",
        "line": 12,
        "name": "Filling the form to shop",
        "steps": [
          {
            "keyword": "Given ",
            "line": 13,
            "name": "I open ECommerce Page",
            "result": {
              "duration": 826000000,
              "status": "passed"
            },
            "match": {
              "location": "not available:0"
            }
          },
          {
            "keyword": "When ",
            "line": 14,
            "name": "I fill the form details",
            "result": {
              "duration": 313000000,
              "status": "passed"
            },
            "match": {
              "location": "not available:0"
            },
            "rows": [
              {
                "cells": [
                  "name",
                  "gender"
                ]
              },
              {
                "cells": [
                  "bobz",
                  "Male"
                ]
              }
            ]
          },
          {
            "keyword": "Then ",
            "line": 17,
            "name": "validate the forms behaviour",
            "result": {
              "duration": 8000000,
              "status": "passed"
            },
            "match": {
              "location": "not available:0"
            }
          },
          {
            "keyword": "And ",
            "line": 18,
            "name": "select the Shop Page",
            "result": {
              "duration": 391000000,
              "status": "passed"
            },
            "match": {
              "location": "not available:0"
            }
          }
        ],
        "type": "scenario",
        "tags": [
          {
            "line": 11,
            "name": "@Smoke"
          }
        ]
      }
    ],
    "id": "end-to-end-ecommerce-validation",
    "keyword": "Feature",
    "line": 1,
    "name": "End to end Ecommerce validation",
    "uri": "cypress/integration/examples/BDD/ecommerce.feature"
  }
]
